continent,name,latitude,longitude,capital_city,population,languages,currency,points_of_interest,geography_nature,neighbor_countries
Asia,Afghanistan,33.9391,67.71,Kabul,"39,835,428 (2021)","Dari Persian (50%), Pashto (35%), Turkic languages (11%), others (4%)",Afghan afghani (؋),"Band-e Amir National Park, Bamiyan Buddhas, Wakhan Corridor","Hindu Kush, Amu Darya River, Helmand River, Pamir Mountains","Iran, Pakistan, Tajikistan, Turkmenistan, Uzbekistan"
Asia,Armenia,40.0691,45.0382,Yerevan,"2,962,473 (2021)","Armenian (97.9%), Russian (0.5%), others (1.6%)",Armenian dram (֏),"Tatev Monastery, Lake Sevan, Khor Virap","Caucasus Mountains, Aras River, Mount Ararat, Lake Arpi","Azerbaijan, Georgia, Iran, Turkey"
Asia,Azerbaijan,40.1431,47.5769,Baku,"10,067,108 (2021)","Azerbaijani (92%), Russian (1.3%), Armenian (1.3%), others (4.4%)",Azerbaijani manat (₼),"Maiden Tower, Baku Old City, Heydar Aliyev Center","Caucasus Mountains, Caspian Sea, Kura River, Lesser Caucasus","Armenia, Georgia, Iran, Russia, Turkey"
Asia,Bahrain,26.0667,50.5577,Manama,"1,761,797 (2021)","Arabic (official), English, Farsi, Urdu",Bahraini dinar (BHD),"Bahrain National Museum, Al Fateh Grand Mosque, Tree of Life","Persian Gulf, Bahrain Island, Muharraq Island, Hawar Islands",None (Island Nation)
Asia,Bangladesh,23.685,90.3563,Dhaka,"169,872,296 (2021)","Bengali (98%), others (2%)",Bangladeshi taka (৳),"Cox's Bazar Beach, Sundarbans National Park, Lalbagh Fort","Ganges-Brahmaputra Delta, Bay of Bengal, Chittagong Hill Tracts, Sylhet Division","India, Myanmar"
Asia,Bhutan,27.5142,90.4336,Thimphu,"771,608 (2021)","Dzongkha (official), English",Bhutanese ngultrum (BTN),"Paro Valley, Punakha Dzong, Tiger's Nest Monastery","Himalayas, Paro River, Punakha River, Phobjikha Valley","China, India"
Asia,Brunei,4.5353,114.7277,Bandar Seri Begawan,"459,500 (2021)","Malay (official), English, Chinese",Brunei dollar (BND),"Omar Ali Saifuddin Mosque, Kampong Ayer, Istana Nurul Iman","South China Sea, Temburong District, Kuala Belait, Seria",Malaysia
Asia,Cambodia,12.5657,104.991,Phnom Penh,"15,936,285 (2021)","Khmer (official), French, English",Cambodian riel (៛),"Angkor Wat, Royal Palace, Sihanoukville Beaches","Mekong River, Tonle Sap Lake, Cardamom Mountains, Elephant Mountains","Laos, Thailand, Vietnam"
Asia,China,35.8617,104.1954,Beijing,"1,444,216,107 (2021)","Standard Chinese (Mandarin) (70%), Yue (Cantonese), Wu, Minbei, Minnan, Xiang, Gan, Hakka, minority languages",Chinese yuan (CNY),"The Great Wall, Forbidden City, Terracotta Army","Himalayas, Yellow River, Yangtze River, Gobi Desert","Afghanistan, Bhutan, India, Kazakhstan, Kyrgyzstan, Laos, Mongolia, Myanmar, Nepal, North Korea, Pakistan, Russia, Tajikistan, Vietnam"
Asia,Cyprus,35.1264,33.4299,Nicosia,"1,223,355 (2021)","Greek (80.9%), Turkish (0.2%), others (18.9%)",Euro (EUR),"Petra tou Romiou, Kykkos Monastery, Paphos Archaeological Park","Troodos Mountains, Akamas Peninsula, Famagusta, Larnaca Salt Lake",None (Island Nation)
Asia,Georgia,42.3154,43.3569,Tbilisi,"3,736,268 (2021)","Georgian (87.7%), Russian (6.2%), Armenian (3.9%), others (2.2%)",Georgian lari (GEL),"Tbilisi Old Town, Narikala Fortress, Batumi Boulevard","Caucasus Mountains, Black Sea, Svaneti Region, Tusheti Region","Armenia, Azerbaijan, Russia, Turkey"
Asia,India,20.5937,78.9629,New Delhi,"1,393,409,038 (2021)","Hindi (41%), Bengali, Telugu, Marathi, Tamil, Urdu, Gujarati, Kannada, Odia, Punjabi, Malayalam, others",Indian rupee (INR),"Taj Mahal, Jaipur, Golden Temple","Himalayas, Ganges River, Thar Desert, Sundarbans Delta","Bangladesh, Bhutan, China, Myanmar, Nepal, Pakistan"
Asia,Indonesia,-0.7893,113.9213,Jakarta,"276,361,783 (2021)","Indonesian (official), Javanese, Sundanese, Madurese, others",Indonesian rupiah (IDR),"Bali, Borobudur, Raja Ampat Islands","Mount Bromo, Komodo Island, Bali Strait, Lake Toba","East Timor, Malaysia, Papua New Guinea, Philippines"
Asia,Iran,32.4279,53.688,Tehran,"85,029,746 (2021)","Persian (official), Azerbaijani, Kurdish, Mazandarani, Gilaki, Luri, Balochi, Arabic, others",Iranian rial (IRR),"Persepolis, Naqsh-e Jahan Square, Golestan Palace","Caspian Sea, Alborz Mountains, Dasht-e Lut Desert, Zagros Mountains","Afghanistan, Armenia, Azerbaijan, Iraq, Pakistan, Turkey, Turkmenistan"
Asia,Iraq,33.2232,43.6793,Baghdad,"41,179,350 (2021)","Arabic (official), Kurdish, Turkmen, Assyrian Neo-Aramaic, Armenian, others",Iraqi dinar (IQD),"Babylon, Al-Mutanabbi Street, Erbil Citadel","Tigris River, Euphrates River, Zagros Mountains, Mesopotamian Marshes","Iran, Jordan, Kuwait, Saudi Arabia, Syria, Turkey"
Asia,Israel,31.0461,34.8516,Jerusalem,"9,505,302 (2021)","Hebrew (official), Arabic, Russian, English, others",Israeli new shekel (ILS),"Western Wall, Dead Sea, Masada","Mount Carmel, Sea of Galilee, Red Sea, Timna Park","Egypt, Jordan, Lebanon, Syria"
Asia,Japan,36.2048,138.2529,Tokyo,"126,050,804 (2021)",Japanese (official),Japanese yen (JPY),"Mount Fuji, Tokyo Tower, Osaka Castle","Hokkaido, Mount Asama, Lake Biwa, Himeji Castle","China, North Korea, South Korea, Russia"
Asia,Jordan,30.5852,36.2384,Amman,"10,782,248 (2021)","Arabic (official), English",Jordanian dinar (JOD),"Petra, Dead Sea, Wadi Rum","Jordan Rift Valley, Aqaba, Red Sea, Dana Biosphere Reserve","Iraq, Israel, Saudi Arabia, Syria"
Asia,Kazakhstan,48.0196,66.9237,Nur-Sultan,"19,097,400 (2021)","Kazakh (official), Russian",Kazakhstani tenge (KZT),"Medeu, Kolsai Lakes, Bayterek Tower","Altai Mountains, Caspian Sea, Lake Balkhash, Charyn Canyon","China, Kyrgyzstan, Russia, Turkmenistan, Uzbekistan"
Asia,Kuwait,29.3759,47.9774,Kuwait City,"4,328,550 (2021 estimate)","Arabic (official), English (widely spoken)",Kuwaiti dinar (KWD),"Kuwait Towers, Grand Mosque, The Avenues Mall","Kuwait Bay, Kuwaiti Desert","Iraq, Saudi Arabia"
Asia,Kyrgyzstan,41.2044,74.7661,Bishkek,"6,695,100 (2021)","Kyrgyz (official), Russian",Kyrgyzstani som (KGS),"Issyk-Kul, Ala Archa National Park, Burana Tower","Tien Shan, Pamir Mountains, Fergana Valley, Lake Issyk-Kul","China, Kazakhstan, Tajikistan, Uzbekistan"
Asia,Laos,19.8563,102.4955,Vientiane,"7,984,714 (2021)","Lao (official), French, English, others",Lao kip (LAK),"Plain of Jars, Kuang Si Falls, Vat Phou","Mekong River, Bolaven Plateau, Annamite Range, Phou Bia","Cambodia, China, Myanmar, Thailand, Vietnam"
Asia,Lebanon,33.8547,35.8623,Beirut,"6,859,408 (2021)","Arabic (official), French, English, Armenian",Lebanese pound (LBP),"Jeita Grotto, Byblos, National Museum of Beirut","Mount Lebanon, Qadisha Valley, Kadisha Valley, Tyre","Israel, Syria"
Asia,Malaysia,4.2105,101.9758,Kuala Lumpur,"32,652,037 (2021)","Malay (official), English, Chinese, Tamil",Malaysian ringgit (MYR),"Petronas Twin Towers, Batu Caves, Langkawi","Mount Kinabalu, Cameron Highlands, Taman Negara, Pulau Tioman","Brunei, Indonesia, Singapore, Thailand, Vietnam"
Asia,Maldives,3.2028,73.2207,Malé,"540,542 (2021)",Maldivian Dhivehi (official),Maldivian rufiyaa (MVR),"Maldives Victory, Hulhumalé, Manta Point","Addu Atoll, Baa Atoll, Fuvahmulah, Haa Dhaalu Atoll","India, Sri Lanka"
Asia,Mongolia,46.8625,103.8467,Ulaanbaatar,"3,329,289 (2021)","Mongolian (official), Kazakh, Russian, Chinese",Mongolian tögrög (MNT),"Gorkhi-Terelj National Park, Khustain Nuruu National Park, Gandantegchinlen Monastery","Gobi Desert, Altai Mountains, Lake Khövsgöl, Orkhon Valley","China, Russia"
Asia,Myanmar,21.9162,95.956,Naypyidaw,"55,937,772 (2021)","Burmese (official), Shan, Karen, Rakhine, Chinese, others",Burmese kyat (MMK),"Bagan, Inle Lake, Yangon","Irrawaddy River, Shan Plateau, Mergui Archipelago, Mount Popa","Bangladesh, China, India, Laos, Thailand"
Asia,Nepal,28.3949,84.124,Kathmandu,"29,136,808 (2021)","Nepali (official), Maithili, Bhojpuri, Tharu, Tamang, others",Nepalese rupee (NPR),"Mount Everest, Pashupatinath Temple, Bhaktapur Durbar Square","Himalayas, Chitwan National Park, Annapurna Circuit, Langtang National Park","China, India"
Asia,North Korea,40.3399,127.5101,Pyongyang,"25,549,604 (2021)",Korean (official),North Korean won (KPW),"Kumsusan Palace of the Sun, Mount Paektu, Juche Tower","Korean Peninsula, Mount Kumgang, Taedong River, Baekdu Mountain","China, South Korea, Russia"
Asia,Oman,21.4735,55.9754,Muscat,"5,417,086 (2021)","Arabic (official), English, Balochi, Urdu, others",Omani rial (OMR),"Sultan Qaboos Grand Mosque, Mutrah Souq, Wahiba Sands","Musandam Peninsula, Al Hajar Mountains, Rub' al Khali, Wadi Shab","Saudi Arabia, United Arab Emirates, Yemen"
Asia,Pakistan,30.3753,69.3451,Islamabad,"226,916,501 (2021)","Urdu (official), English, Punjabi, Sindhi, Pashto, Balochi, others",Pakistani rupee (PKR),"Badshahi Mosque, Lahore Fort, Faisal Mosque","Karakoram Range, K2, Indus River, Thar Desert","Afghanistan, China, India, Iran"
Asia,Palestine,31.9522,35.2332,East Jerusalem,"5,167,753 (2021)","Arabic, Hebrew (both official)","Israeli new shekel (ILS), Jordanian dinar (JOD), Egyptian pound (EGP)","Church of the Nativity, Al-Aqsa Mosque, Mount of Olives","Gaza Strip, West Bank, Dead Sea, Mount Carmel","Israel, Jordan"
Asia,Philippines,12.8797,121.774,Manila,"111,935,928 (2021)","Filipino, English (both official)",Philippine peso (PHP),"Boracay, Chocolate Hills, Mayon Volcano","Tubbataha Reef, Taal Volcano, Puerto Princesa Subterranean River National Park","China, Indonesia, Malaysia, Palau, Taiwan, Vietnam"
Asia,Qatar,25.3548,51.1839,Doha,"2,881,053 (2021)","Arabic (official), English",Qatari riyal (QAR),"Museum of Islamic Art, Souq Waqif, The Pearl-Qatar","Khor al Adaid, Al Wakrah, Al-Zubarah, Zubarah Fort","Saudi Arabia, United Arab Emirates"
Asia,Russia,61.524,105.3188,Moscow,"145,912,025 (2021)","Russian (official), Tatar, Bashkir, Chuvash, others",Russian ruble (RUB),"Saint Basil's Cathedral, Red Square, Hermitage Museum","Lake Baikal, Ural Mountains, Kamchatka Peninsula, Altai Mountains","Azerbaijan, Belarus, China, Estonia, Finland, Georgia, Kazakhstan, North Korea, Latvia, Lithuania, Mongolia, Norway, Poland"
Asia,Saudi Arabia,23.8859,45.0792,Riyadh,"35,340,683 (2021)",Arabic (official),Saudi riyal (SAR),"Mecca, Medina, Al-Masjid an-Nabawi","Rub' al Khali, Al-Nafud desert, Red Sea, Arabian Peninsula","Iraq, Jordan, Kuwait, Oman, Qatar, United Arab Emirates, Yemen"
Asia,Singapore,1.3521,103.8198,Singapore,"5,896,686 (2021)","English, Malay, Mandarin, Tamil (all official)",Singapore dollar (SGD),"Gardens by the Bay, Marina Bay Sands, Sentosa Island","Jurong Bird Park, Bukit Timah Nature Reserve, Pulau Ubin","Indonesia, Malaysia"
Asia,South Korea,35.9078,127.7669,Seoul,"51,269,185 (2021)",Korean (official),South Korean won (KRW),"Gyeongbokgung, Jeju Island, Namsan Tower","Mount Hallasan, Han River, Jirisan National Park, Seoraksan National Park",North Korea
Asia,Sri Lanka,7.8731,80.7718,Sri Jayawardenepura Kotte,"21,701,169 (2021)","Sinhala (official), Tamil, English",Sri Lankan rupee (LKR),"Sigiriya, Temple of the Tooth, Yala National Park","Adam's Peak, Horton Plains National Park, Knuckles Mountain Range, Pinnawala Elephant Orphanage",India
Asia,Syria,34.8021,38.9968,Damascus,"18,176,669 (2021)",Arabic (official),Syrian pound (SYP),"Umayyad Mosque, Krak des Chevaliers, Palmyra","Mount Qasioun, Euphrates River, Dead Cities, Crac des Chevaliers","Iraq, Israel, Jordan, Lebanon, Turkey"
Asia,Taiwan,23.6978,120.9605,Taipei,"23,597,561 (2021)","Mandarin (official), Taiwanese Hokkien, Hakka, Formosan languages",New Taiwan dollar (TWD),"Taipei 101, Sun Moon Lake, Alishan National Scenic Area","Taroko Gorge, Yushan National Park, Kenting National Park, Yangmingshan National Park",China
Asia,Tajikistan,38.861,71.2761,Dushanbe,"9,537,645 (2021)","Tajik (official), Russian",Tajikistani somoni (TJS),"Iskanderkul, Rudaki Park, Pamir Highway","Pamir Mountains, Fann Mountains, Vakhsh River","Afghanistan, China, Kyrgyzstan, Uzbekistan"
Asia,Thailand,15.87,100.9925,Bangkok,"69,751,881 (2021)",Thai (official),Thai baht (THB),"Wat Phra Kaew, Grand Palace, Ayutthaya Historical Park","Phang Nga Bay, Koh Phi Phi, Doi Inthanon, Erawan National Park","Cambodia, Laos, Malaysia, Myanmar"
Asia,Timor-Leste (East Timor),8.874,125.7275,Dili,"1,392,645 (2021)","Tetum (official), Portuguese, Indonesian, English",United States dollar (USD),"Cristo Rei of Dili, Jaco Island, Atauro Island","Mount Ramelau, Lake Modo, Matebian Mountain Range",Indonesia
Asia,Turkey,38.9637,35.2433,Ankara,"84,437,166 (2021)",Turkish (official),Turkish lira (TRY),"Hagia Sophia, Blue Mosque, Pamukkale","Mount Ararat, Bosphorus Strait, Goreme National Park, Cappadocia","Armenia, Azerbaijan, Bulgaria, Georgia, Greece, Iran, Iraq, Syria"
Asia,Turkmenistan,38.9697,59.5563,Ashgabat,"6,031,200 (2021)","Turkmen (official), Russian, Uzbek",Turkmenistan manat (TMT),"Darvaza gas crater, Ashgabat National Museum of History, Konye-Urgench","Karakum Desert, Kopet Dag, Turkmenbashi, Amu Darya River","Afghanistan, Iran, Kazakhstan, Uzbekistan"
Asia,United Arab Emirates,23.4241,53.8478,Abu Dhabi,"10,395,186 (2021)","Arabic (official), English, Hindi, Urdu",UAE dirham (AED),"Burj Khalifa, Sheikh Zayed Mosque, Dubai Mall","Palm Jumeirah, The World Islands, Dubai Fountain, Abu Dhabi Falcon Hospital","Oman, Saudi Arabia"
Asia,Uzbekistan,41.3775,64.5853,Tashkent,"34,775,711 (2021)",Uzbek (official),Uzbekistani som (UZS),"Registan, Amir Timur Museum, Charvak Reservoir","Aral Sea, Kyzylkum Desert, Chimgan Mountains, Nuratau Mountains","Afghanistan, Kazakhstan, Kyrgyzstan, Tajikistan, Turkmenistan"
Asia,Vietnam,14.0583,108.2772,Hanoi,"98,438,984 (2021)",Vietnamese (official),Vietnamese đồng (VND),"Ha Long Bay, Ho Chi Minh Mausoleum, Hoi An Ancient Town","Mekong Delta, Sa Pa, Phong Nha-Ke Bang National Park, Fansipan Mountain","Cambodia, China, Laos"
Asia,Yemen,15.552727,48.516388,Sana'a,"29,825,968 (2021)","Arabic, Yemeni Sign Language",Yemeni rial (YER),"Old City of Sana'a, Shibam, Socotra Island","Mountains of the Moon, The Empty Quarter","Saudi Arabia, Oman"
Europe,Albania,41.1533,20.1683,Tirana,"2,862,427 (2021 estimate)","Albanian (official), Greek, Macedonian, Aromanian",Lek (ALL),"Butrint National Park, Berat Castle, Skanderbeg Square","Albanian Alps, Ohrid Lake, Valbona Valley National Park","Greece, North Macedonia, Montenegro, Kosovo"
Europe,Andorra,42.5063,1.5218,Andorra la Vella,"77,545 (2021 estimate)",Catalan (official),Euro (EUR),"Casa de la Vall, Andorra la Vella, Vallnord ski resort","Coma Pedrosa, Tristaina Lakes, Vall del Madriu-Perafita-Claror","France, Spain"
Europe,Austria,47.5162,14.5501,Vienna,"8,773,686 (2021 estimate)",German (official),Euro (EUR),"Schönbrunn Palace, St. Stephen's Cathedral, Hofburg Palace","Grossglockner, Wachau Valley, Hallstatt-Dachstein / Salzkammergut Cultural Landscape","Germany, Czech Republic, Slovakia, Hungary, Slovenia, Italy, Switzerland, Liechtenstein"
Europe,Belarus,53.7098,27.9534,Minsk,"9,405,174 (2021 estimate)","Belarusian, Russian",Belarusian ruble (BYN),"Nesvizh Palace, Brest Fortress, Mir Castle","Belovezhskaya Pushcha National Park, Berezinsky Biosphere Reserve, Braslav Lakes National Park","Russia, Latvia, Lithuania, Poland, Ukraine"
Europe,Belgium,50.5039,4.4699,Brussels,"11,769,615 (2021 estimate)","Dutch, French, German",Euro (EUR),"Atomium, Grand Place, Manneken Pis","Ardennes, Meuse Valley, Belgian Coast","Netherlands, Germany, Luxembourg, France"
Europe,Bosnia and Herzegovina,43.9159,17.6791,Sarajevo,"3,242,506 (2021 estimate)","Bosnian, Croatian, Serbian",Bosnia and Herzegovina convertible mark (BAM),"Stari Most, Vrelo Bosne, Gazi Husrev-beg Mosque","Blidinje Nature Park, Una National Park, Trebević","Serbia, Montenegro, Croatia"
Europe,Bulgaria,42.7339,25.4858,Sofia,"6,896,309 (2021)","Bulgarian (76.9%), Turkish (8%), Romani (3.7%), others (11.4%)",Lev (BGN),"Rila Monastery, Alexander Nevsky Cathedral, Sunny Beach","Balkan Mountains, Danube Plain, Rhodope Mountains","Romania, Serbia, North Macedonia, Greece, Turkey"
Europe,Croatia,45.1,15.2,Zagreb,"4,105,493 (2021)","Croatian (95.6%), Serbian (1.2%), other (3.2%)",Kuna (HRK),"Plitvice Lakes National Park, Dubrovnik, Diocletian's Palace","Dinaric Alps, Adriatic Sea, Plitvice Lakes","Slovenia, Hungary, Serbia, Bosnia and Herzegovina, Montenegro"
Europe,Cyprus,35.1264,33.4299,Nicosia,"1,211,304 (2021)","Greek (78%), Turkish (18%), other (4%)",Euro (EUR),"Kykkos Monastery, Ancient Kourion, Petra tou Romiou","Troodos Mountains, Akamas Peninsula, Paphos Forest",None (island country)
Europe,Czech Republic,49.8175,15.473,Prague,"10,729,825 (2021)","Czech (95.4%), Slovak (2.2%), other (2.4%)",Czech koruna (CZK),"Prague Castle, Charles Bridge, Old Town Square","Bohemian Forest, Krkonoše, Moravian-Silesian Beskids","Poland, Germany, Austria, Slovakia"
Europe,Denmark,56.2639,9.5018,Copenhagen,"5,847,614 (2021)","Danish (97.5%), other (2.5%)",Danish krone (DKK),"Tivoli Gardens, The Little Mermaid, Christiansborg Palace","Jutland Peninsula, Zealand, Funen",Germany
Europe,Estonia,58.5953,25.0136,Tallinn,"1,326,535 (2021)","Estonian (68.5%), Russian (29.6%), other (1.9%)",Euro (EUR),"Old Town Tallinn, Lahemaa National Park, Soomaa","Baltic Sea, Gulf of Finland, Lake Peipus","Latvia, Russia"
Europe,Finland,61.9241,25.7482,Helsinki,"5,531,114 (2021)","Finnish (87.7%), Swedish (5.3%), other (7%)",Euro (EUR),"Northern Lights, Helsinki Cathedral, Suomenlinna","Lapland, Archipelago Sea, Lake Saimaa","Norway, Sweden, Russia"
Europe,France,46.2276,2.2137,Paris,"67,413,000 (2022)","French (98.0%), German (1.1%), English (1.0%)",Euro,"Eiffel Tower, Louvre Museum, Palace of Versailles","Mont Blanc, Gorges du Verdon, Pont du Gard","Belgium, Luxembourg, Germany, Switzerland, Italy, Spain, Andorra, Monaco"
Europe,Georgia,42.3154,43.3569,Tbilisi,"3,726,000 (2022)","Georgian (87.6%), Russian (6.2%), Armenian (3.9%)",Lari,"Tbilisi Old Town, Svaneti, Gergeti Trinity Church","Mount Kazbek, Svaneti mountain villages, Uplistsikhe cave town","Russia, Azerbaijan, Armenia, Turkey"
Europe,Germany,51.1657,10.4515,Berlin,"83,517,045 (2022)","German (99%), Turkish (1%)",Euro,"Brandenburg Gate, Neuschwanstein Castle, Berlin Wall","Zugspitze Mountain, Rhine Valley, Black Forest","Denmark, Poland, Czech Republic, Austria, Switzerland, France, Luxembourg, Netherlands, Belgium"
Europe,Greece,39.0742,21.8243,Athens,"10,718,565 (2022)","Greek (99%), English (51%), French (26%), German (22%)",Euro,"Acropolis, Santorini, Meteora","Mount Olympus, Vikos Gorge, Samaria Gorge","Albania, North Macedonia, Bulgaria, Turkey"
Europe,Hungary,47.1625,19.5033,Budapest,"9,769,000 (2022)","Hungarian (99.6%), English (16%), German (11%)",Forint,"Fisherman's Bastion, Buda Castle, Parliament Building","Lake Balaton, Danube Bend, Aggtelek National Park","Austria, Slovakia, Ukraine, Romania, Serbia, Croatia, Slovenia"
Europe,Iceland,64.9631,-19.0208,Reykjavik,"368,425 (2022)","Icelandic (95%), English (98%), Nordic languages",Icelandic Krona,"Blue Lagoon, Vatnajökull National Park, Gullfoss Falls","Hvítárvatn Lake, Thingvellir National Park, Akureyri","Greenland (Denmark), Faroe Islands (Denmark)"
Europe,Ireland,53.1424,-7.6921,Dublin,"4,937,786 (2021)","Irish (41.9%), English (94.6%)",Euro (EUR),"Cliffs of Moher, Guinness Storehouse, Ring of Kerry","River Shannon, Connemara National Park, Wicklow Mountains",United Kingdom
Europe,Italy,41.8719,12.5674,Rome,"60,310,000 (2021)",Italian (94.1%),Euro (EUR),"Colosseum, Leaning Tower of Pisa, Pompeii","Mount Vesuvius, Lake Como, Dolomites","Austria, France, Switzerland, Slovenia, Vatican City, San Marino"
Europe,Kosovo,42.6026,20.9025,Pristina,"1,739,825 (2021)","Albanian (94.5%), Serbian (5.1%)",Euro (EUR),"Gazivoda Lake, Gadime Cave, Rugova Canyon","Šar Mountains, Bjeshkët e Nemuna National Park","Serbia, Montenegro, Albania, North Macedonia"
Europe,Latvia,56.8796,24.6032,Riga,"1,877,900 (2021)","Latvian (56.9%), Russian (33.8%)",Euro (EUR),"Riga Old Town, Jurmala Beach, Gauja National Park","Daugava River, Lake Lubāns, Cape Kolka","Estonia, Russia, Belarus, Lithuania"
Europe,Liechtenstein,47.166,9.5554,Vaduz,"38,111 (2021)","German (94.5%), Alemannic (1.1%)",Swiss franc (CHF),"Vaduz Castle, Liechtenstein National Museum, Malbun Ski Resort","Alpstein Mountains, Rhine River, Grauspitz","Switzerland, Austria"
Europe,Lithuania,55.1694,23.8813,Vilnius,"2,759,627 (2021)","Lithuanian (84.2%), Russian (8.8%)",Euro (EUR),"Hill of Crosses, Trakai Island Castle, Gediminas Tower","Curonian Spit, Nemunas Delta Regional Park, Aukštaitija National Park","Latvia, Belarus, Poland, Russia"
Europe,Luxembourg,49.8153,6.1296,Luxembourg,"634,730 (2021)","Luxembourgish (55.8%), French (15.8%), German (12.1%)",Euro (EUR),"Luxembourg City, Vianden Castle, Mullerthal Region","Ardennes, Moselle Valley, The Red Lands","Belgium, Germany, France"
Europe,Macedonia,41.6086,21.7453,Skopje,"2,082,957 (2021)","Macedonian (66.5%), Albanian (25.1%), Turkish (3.5%)",Macedonian Denar,"Lake Ohrid, Skopje Fortress, Matka Canyon","Mount Korab, Vardar River, Osogovo Mountains","Albania, Bulgaria, Greece, Kosovo, Serbia"
Europe,Malta,35.9375,14.3754,Valletta,"514,564 (2021)","Maltese (90.1%), English (6%), Italian (1.7%)",Euro,"Hal Saflieni Hypogeum, St. John's Co-Cathedral, Grandmaster's Palace","Blue Lagoon, Megalithic Temples of Malta, Dingli Cliffs","Italy, Libya, Tunisia"
Europe,Moldova,47.4116,28.3699,Chisinau,"2,635,006 (2021)","Romanian (80.2%), Russian (9.7%), Ukrainian (3.3%)",Moldovan Leu,"Orheiul Vechi, Milestii Mici Winery, Cricova Winery","Nistru River, Prut River, Codri Hills","Romania, Ukraine"
Europe,Monaco,43.7384,7.4246,Monaco,"39,000 (2021)","French (17.5%), Monegasque (16.3%), Italian (13.1%)",Euro,"Prince's Palace of Monaco, Monte Carlo Casino, Oceanographic Museum","Rock of Monaco, Saint Nicholas Cathedral, Fontvieille Park",France
Europe,Montenegro,42.7087,19.3744,Podgorica,"628,066 (2021)","Montenegrin (42.9%), Serbian (37%), Bosnian (5.3%)",Euro,"Bay of Kotor, Durmitor National Park, Ostrog Monastery","Biogradska Gora National Park, Skadar Lake, Tara River Canyon","Albania, Bosnia and Herzegovina, Croatia, Kosovo, Serbia"
Europe,Netherlands,52.1326,5.2913,Amsterdam,"17,577,614 (2021)","Dutch (90.7%), Frisian (2.5%), English (0.9%)",Euro,"Rijksmuseum, Van Gogh Museum, Anne Frank House","Wadden Sea, Ijsselmeer, Rhine River","Belgium, Germany"
Europe,Norway,60.472,8.468,Oslo,"5,391,369 (2020)","Norwegian (96.5%), Northern Sami (0.03%), Lule Sami (0.02%), Kven (0.01%), Other (3.4%)",Norwegian krone (NOK),"Geirangerfjord, Lofoten Islands, Vigeland Sculpture Park","Dovrefjell-Sunndalsfjella National Park, Jotunheimen National Park, Sognefjord","Finland, Sweden, Russia"
Europe,Poland,51.919,19.145,Warsaw,"38,413,000 (2020)","Polish (98.1%), Silesian (1.4%), Kashubian (0.6%), Other (0.5%)",Polish złoty (PLN),"Wawel Castle, Auschwitz-Birkenau Memorial and Museum, Białowieża Forest","Bieszczady Mountains, Tatra Mountains, Masurian Lake District","Germany, Czech Republic, Slovakia, Ukraine, Belarus, Lithuania, Russia"
Europe,Portugal,39.399,-8.224,Lisbon,"10,295,000 (2020)","Portuguese (99%), Mirandese (0.6%), Other (0.4%)",Euro (EUR),"Jerónimos Monastery, Belem Tower, Sintra","Douro Valley, Madeira Island, Azores Islands",Spain
Europe,Romania,45.943,24.966,Bucharest,"19,511,000 (2020)","Romanian (85.6%), Hungarian (6.2%), Romani (3.1%), Ukrainian (0.3%), German (0.2%), Other (4.6%)",Romanian leu (RON),"Bran Castle, Palace of the Parliament, Painted Monasteries","Danube Delta, Carpathian Mountains, Iron Gates","Ukraine, Moldova, Bulgaria, Serbia, Hungary"
Europe,Russia,61.524,105.318,Moscow,"144,096,812 (2021)","Russian (85.7%), Tatar (3.7%), Bashkir (1.2%), Chuvash (1.1%), Other (8.3%)",Russian ruble (RUB),"Saint Basil's Cathedral, Hermitage Museum, Lake Baikal","Mount Elbrus, Volga River, Siberian Plateau","Norway, Finland, Estonia, Latvia, Lithuania, Poland, Belarus, Ukraine, Georgia, Azerbaijan, Kazakhstan, Mongolia, China, North Korea"
Europe,San Marino,43.942,12.448,San Marino,"34,017 (2021)",Italian (100%),Euro (EUR),"Three Towers of San Marino, Basilica di San Marino, State Museum of San Marino","Mount Titano, Valdragone River, Monte Cerreto",Italy
Europe,Serbia,44.0165,21.0059,Belgrade,"6,926,705 (2022)","Serbian (88.1%), Hungarian (3.4%), Bosnian (1.9%), Romani (1.4%), Slovak (0.8%)",Serbian Dinar (RSD),"Belgrade Fortress, Church of Saint Sava, National Museum of Serbia","Danube River, Drina River, Tara River","Hungary, Romania, Bulgaria, North Macedonia, Kosovo, Montenegro, Bosnia and Herzegovina"
Europe,Slovakia,48.669,19.699,Bratislava,"5,460,548 (2022)","Slovak (80.6%), Hungarian (8.5%), Roma (2%), Ukrainian (0.6%), Czech (0.6%)",Euro (EUR),"Bratislava Castle, St. Martin's Cathedral, High Tatras","Tatra Mountains, Danube River, Váh River","Czech Republic, Poland, Ukraine, Hungary, Austria"
Europe,Slovenia,46.1512,14.9955,Ljubljana,"2,088,332 (2022)","Slovene (91.1%), Serbian (1.8%), Croatian (1.4%), Bosnian (0.6%), Italian (0.5%)",Euro (EUR),"Lake Bled, Postojna Cave, Predjama Castle","Triglav, Soča River, Julian Alps","Austria, Italy, Hungary, Croatia"
Europe,Spain,40.4168,-3.7038,Madrid,"47,367,505 (2022)","Spanish (99%), Catalan (17%), Galician (7%), Basque (2%), Aranese (0.1%)",Euro (EUR),"Sagrada Familia, Park Guell, Royal Palace of Madrid","Sierra Nevada, Teide National Park, Pyrenees Mountains","Portugal, France, Andorra"
Europe,Sweden,60.1282,18.6435,Stockholm,"10,576,979 (2022)","Swedish (89%), Finnish (2.5%), Arabic (1%), Kurdish (0.5%), Spanish (0.5%)",Swedish Krona (SEK),"Vasa Museum, Skansen, Gamla Stan","Kebnekaise, Muddus National Park, Stockholm Archipelago","Norway, Finland"
Europe,Switzerland,46.8182,8.2275,Bern,"8,702,600 (2022)","German (63.7%), French (22.5%), Italian (8.1%), Romansh (0.5%), English (5.4%)",Swiss Franc (CHF),"Matterhorn, Jungfraujoch, Lake Geneva","Swiss Alps, Rhine River, Aletsch Glacier","Germany, Austria, Liechtenstein, Italy, France"
Europe,Ukraine,48.3794,31.1656,Kiev,"42,430,000 (2021)","Ukrainian (67.5%), Russian (29.6%)",Ukrainian hryvnia (UAH),"Saint Sophia Cathedral, Kiev-Pechersk Lavra, Independence Square","Carpathian Mountains, Crimean Peninsula, Dnieper River","Belarus, Russia, Poland, Slovakia, Hungary, Romania, Moldova"
Europe,United Kingdom,55.3781,-3.436,London,"68,207,116 (2021)",English (100%),Pound sterling (GBP),"Big Ben and the Houses of Parliament, Stonehenge, The British Museum","The Pennines, The Lake District, The Scottish Highlands",Ireland
North America,Antigua and Barbuda,17.0608,-61.7964,Saint John's,"97,929 (2021)",English (100%),Eastern Caribbean dollar,"Nelson's Dockyard National Park, Antigua's Donkey Sanctuary, Shirley Heights","Mount Obama, Falmouth Harbour, Nelson's Dockyard",None
North America,Bahamas,25.0343,-77.3963,Nassau,"393,244 (2021)","English (98.2%), Creole (1.8%)",Bahamian dollar,"Atlantis Paradise Island, Blue Lagoon Island, Exuma Cays Land and Sea Park","Andros Barrier Reef, Blue Holes National Park, Dean's Blue Hole","Cuba, United States, Turks and Caicos Islands"
North America,Barbados,13.1939,-59.5432,Bridgetown,"289,680 (2021)",English (100%),Barbadian dollar,"Harrison's Cave, St. Nicholas Abbey, Andromeda Botanic Gardens","Mount Hillaby, Bathsheba Beach, The Crane Beach","Saint Lucia, Saint Vincent and the Grenadines"
North America,Belize,17.1899,-88.4976,Belmopan,"404,914 (2021)","English (40%), Spanish (46%), Creole (4.5%), Maya (3.5%), Garifuna (3.1%), German (1.2%)",Belize dollar,"Belize Barrier Reef, Actun Tunichil Muknal Cave, Xunantunich","Blue Hole, Great Blue Hole, The Great Barrier Reef","Guatemala, Mexico"
North America,Canada,56.1304,-106.3468,Ottawa,"38,048,738 (2021)","English (56.9%), French (21.3%), Punjabi (1.6%), Mandarin (1.6%), Cantonese (1.2%), Spanish (1.1%)",Canadian dollar,"Niagara Falls, Banff National Park, CN Tower","Rocky Mountains, Canadian Shield, Saint Lawrence River",United States
North America,Costa Rica,9.7489,-83.7534,San José,"5,219,247 (2021)","Spanish (97.8%), English (1.0%), Creole (0.7%)",Costa Rican colón,"Arenal Volcano, Corcovado National Park, Monteverde Cloud Forest Reserve","Arenal Lake, Chirripó National Park, Cerro Chirripó","Nicaragua, Panama"
North America,Cuba,21.5218,-77.7812,Havana,"11,325,125 (2021)",Spanish (100%),Cuban peso,"Old Havana, Varadero Beach, Trinidad","Sierra Maestra, Viñales Valley, Zapata Swamp","Bahamas, United States, Mexico"
North America,Dominica,15.4147,-61.370976,Roseau,"71,625 (2021)",English (100%),East Caribbean Dollar,"Morne Trois Pitons National Park, Trafalgar Falls, Boiling Lake","Morne Diablotins, Boiling Lake, Morne Trois Pitons","Martinique (to the south), Guadeloupe (to the north)"
North America,Dominican Republic,18.7357,-70.1627,Santo Domingo,"10,847,910 (2021)",Spanish (100%),Dominican Peso,"Punta Cana, Santo Domingo, Puerto Plata","Pico Duarte, Yaque del Norte River, Lago Enriquillo","Haiti (to the west), Puerto Rico (to the east)"
North America,El Salvador,13.7942,-88.8965,San Salvador,"6,634,000 (2021)",Spanish (100%),United States Dollar,"Santa Ana Cathedral, Joya de Cerén, Tazumal","Coatepeque Caldera, Lake Ilopango, San Miguel Volcano","Guatemala (to the west and north), Honduras (to the north and east)"
North America,Greenland,71.7069,-42.6043,Nuuk,"56,225 (2021)","Greenlandic (88.8%), Danish (11.2%)",Danish Krone,"Ilulissat Icefjord, Kangerlussuaq, Sermilik Fjord","Northern Lights, Disko Island, Nuuk Icefjord","Canada (to the west), Iceland (to the east)"
North America,Grenada,12.1173,-61.679,St. George's,"112,003 (2021)",English (100%),East Caribbean Dollar,"Grand Anse Beach, St. George's, Underwater Sculpture Park","Mount St. Catherine, Seven Sisters Falls, Grand Etang National Park","Venezuela (to the north), Trinidad and Tobago (to the south)"
North America,Guatemala,14.6133,-90.5353,Guatemala City,"18,183,000 (2021)","Spanish (88.1%), K'iche' (7.8%), Kaqchikel (7.8%)",Guatemalan Quetzal,"Tikal, Antigua Guatemala, Lake Atitlán","Volcán Tajumulco, Lake Izabal, Sierra Madre de Chiapas","Mexico (to the north and west), Belize (to the east), Honduras and El Salvador (to the southeast)"
North America,Haiti,18.9712,-72.2852,Port-au-Prince,"11,574,000 (2021)","Haitian Creole (95%), French (5%)",Haitian gourde (HTG),"Citadelle Laferrière, Sans-Souci Palace, Bassin Bleu","Massif du Nord, Massif de la Hotte, La Selle Mountain Range",Dominican Republic
North America,Honduras,15.2,-86.2419,Tegucigalpa,"10,507,000 (2021)","Spanish (97%), Indigenous languages (3%)",Honduran lempira (HNL),"Copán Ruinas, Roatán, Rio Platano Biosphere Reserve","Sierra de Agalta, Cordillera del Tigre, Golfo de Fonseca","Guatemala, El Salvador, Nicaragua"
North America,Jamaica,18.1096,-77.2975,Kingston,"2,974,000 (2021)","English (98%), Jamaican Patois (Patwa) (95%)",Jamaican dollar (JMD),"Dunn's River Falls, Blue Mountain Peak, Bob Marley Museum","Blue Mountains, Cockpit Country, Montego Bay",None
North America,Mexico,23.6345,-102.5528,Mexico City,"132,328,000 (2021)","Spanish (98%), Indigenous languages (6%)",Mexican peso (MXN),"Chichen Itza, Tulum, Palenque","Sierra Madre Occidental, Sierra Madre Oriental, Yucatan Peninsula","United States, Guatemala, Belize"
North America,Nicaragua,12.8654,-85.2072,Managua,"6,702,000 (2021)","Spanish (97.5%), Indigenous languages (2.5%)",Nicaraguan córdoba (NIO),"Corn Islands, Masaya Volcano National Park, Leon Cathedral","Cordillera Isabelia, Cordillera Dipilto, Lake Nicaragua","Honduras, Costa Rica"
North America,Panama,8.538,-80.7821,Panama City,"4,468,000 (2021)","Spanish (93%), English (14%)",Panamanian balboa (PAB),"Panama Canal, San Blas Islands, Bocas del Toro","Cordillera Central, Serranía de Tabasará, Gulf of Panama","Costa Rica, Colombia"
North America,Saint Kitts and Nevis,17.3578,-62.7821,Basseterre,"52,441 (2021)",English (100%),Eastern Caribbean dollar (XCD),"Brimstone Hill Fortress, Nevis Peak, Frigate Bay","Mount Liamuiga, Mount Misery, Golden Rock",None
North America,Saint Lucia,13.9094,-60.9789,Castries,184000 (2021),"English (95%), French Patois (5%)",Eastern Caribbean Dollar,"Pitons, Pigeon Island National Park, Marigot Bay","Mount Gimie, Sulphur Springs, Anse Chastanet Beach","Martinique, Saint Vincent and the Grenadines"
North America,Saint Vincent and the Grenadines,13.2528,-61.1971,Kingstown,110200 (2021),"English (official), Vincentian Creole English",Eastern Caribbean Dollar,"Tobago Cays, Bequia Island, Montreal Gardens","La Soufriere, Petit Saint Vincent, Dark View Falls","Saint Lucia, Grenada"
North America,Trinidad and Tobago,10.6918,-61.2225,Port of Spain,1395000 (2021),"English (official), Trinidadian Creole, Tobagonian Creole",Trinidad and Tobago Dollar,"Maracas Bay, Caroni Bird Sanctuary, Fort George","Pigeon Point, Pitch Lake, Gasparee Caves","Grenada, Venezuela"
South America,Argentina,-38.4161,-63.6167,Buenos Aires,"45,195,774 (2021)","Spanish (98%), others",Argentine Peso (ARS),"Iguazu Falls, Perito Moreno Glacier, Quebrada de Humahuaca","Andes Mountains, Pampas, Patagonia","Bolivia, Brazil, Chile, Paraguay, Uruguay"
South America,Bolivia,-16.2902,-63.5887,"La Paz, Sucre","11,815,986 (2021)","Spanish (60%), others",Boliviano (BOB),"Salar de Uyuni, Tiwanaku, Yungas","Andes Mountains, Altiplano, Amazon Basin","Argentina, Brazil, Chile, Paraguay, Peru"
South America,Brazil,-14.235,-51.9253,Brasilia,"213,993,437 (2021)","Portuguese (99%), others",Brazilian Real (BRL),"Christ the Redeemer, Iguazu Falls, Amazon Rainforest","Amazon River, Atlantic Ocean, Pantanal Wetlands","Argentina, Bolivia, Colombia, Guyana, Paraguay, Peru, Suriname, Uruguay, Venezuela"
South America,Chile,-35.6751,-71.543,Santiago,"19,458,310 (2021)","Spanish (99%), others",Chilean Peso (CLP),"Easter Island, Atacama Desert, Torres del Paine National Park","Andes Mountains, Pacific Ocean, Patagonia","Argentina, Bolivia, Peru"
South America,Colombia,4.5709,-74.2973,Bogota,"51,049,498 (2021)","Spanish (99%), others",Colombian Peso (COP),"Cartagena, Cocora Valley, Medellin","Andes Mountains, Amazon Basin, Caribbean Sea","Brazil, Ecuador, Panama, Peru, Venezuela"
South America,Ecuador,-1.8312,-78.1834,Quito,"17,524,088 (2021)","Spanish (93%), Quechua (4.1%), others",United States Dollar (USD),"Galapagos Islands, Otavalo Market, Cotopaxi National Park","Andes Mountains, Amazon Basin, Galapagos Islands","Colombia, Peru"
South America,Guyana,4.8604,-58.9302,Georgetown,"788,878 (2021)",English (100%),Guyanese Dollar (GYD),"Kaieteur Falls, Shell Beach, Mount Roraima","Amazon Basin, Guiana Highlands, Atlantic Ocean","Brazil, Suriname, Venezuela"
South America,Paraguay,-23.4425,-58.4438,Asunción,"7,252,672 (2021)","Spanish (87%), Guarani (36%)",Guaraní,"Itaipu Dam, Iguazu Falls, Jesuit Missions of La Santisima Trinidad de Parana","Chaco, Paraguay River","Argentina, Bolivia, Brazil"
South America,Peru,-9.19,-75.015,Lima,"33,105,000 (2021)","Spanish (84%), Quechua (13%)",Sol (PEN),"Machu Picchu, Cusco, Colca Canyon","Andes Mountains, Amazon River, Lake Titicaca","Ecuador, Colombia, Brazil, Bolivia, Chile"
South America,Suriname,3.919,-56.027,Paramaribo,"591,000 (2021)","Dutch (60%), Sranan Tongo (15%)",Surinamese Dollar (SRD),"Central Suriname Nature Reserve, Galibi Nature Reserve, Brownsberg Park","Suriname River, Coppename River, Brokopondo Reservoir","Guyana, French Guiana, Brazil"
South America,Uruguay,-32.522,-55.766,Montevideo,"3,462,000 (2021)",Spanish (100%),Uruguayan Peso (UYU),"Punta del Este, Colonia del Sacramento, Montevideo City","Rio de la Plata, Cerro Catedral, Laguna del Sauce","Argentina, Brazil"
South America,Venezuela,6.423,-66.591,Caracas,"28,835,000 (2021)",Spanish (100%),Bolívar (VES),"Angel Falls, Los Roques, Margarita Island","Andes Mountains, Lake Maracaibo, Orinoco River, Angel Falls, Mount Roraima, Canaima National Park, Guiana Highlands, Paraguana Peninsula","Colombia, Brazil, Guyana"
Africa,Algeria,36.752887,3.042048,Algiers,"43,851,044 (2021)",Arabic (100%),DZD,"Tassili n'Ajjer National Park, Djemila, Casbah of Algiers","Sahara Desert, Atlas Mountains, Tassili n'Ajjer","Tunisia, Libya, Niger, Mali, Mauritania, Western Sahara, Morocco"
Africa,Angola,-11.202692,17.873887,Luanda,"33,643,000 (2021)","Portuguese (71%), Umbundu (23%), Kikongo (8%)",AOA,"Kalandula Falls, Kissama National Park, Fortress of São Miguel","Namib Desert, Mount Moco, Okavango River","Democratic Republic of the Congo, Republic of the Congo, Zambia, Namibia"
Africa,Benin,9.30769,2.315834,Porto-Novo,"13,801,267 (2021)","French (39%), Fon (20%), Yoruba (12%), Adja (9%), Bariba (8%), Peulh (6%)",XOF,"Pendjari National Park, Ganvie, Royal Palaces of Abomey","Mono River, W National Park, Niger River","Togo, Burkina Faso, Niger, Nigeria"
Africa,Botswana,-22.328474,24.684866,Gaborone,"2,351,629 (2021)","Setswana (77%), Kalanga (7.7%), Sekgalagadi (2.8%), English (2.1%), Zezuru/Shona (1.8%)",BWP,"Okavango Delta, Chobe National Park, Tsodilo Hills","Kalahari Desert, Makgadikgadi Pans, Limpopo River","South Africa, Namibia, Zimbabwe, Zambia"
Africa,Burkina Faso,12.238333,-1.561593,Ouagadougou,"22,711,181 (2021)","French (29.5%), Mossi (50.2%), Dioula (3.9%), Peulh/Fulfulde (3.7%), Gurma (2.6%), Bissa (1.9%)",XOF,"W National Park of Burkina Faso, Sindou Peaks, Bangre-Weoogo Urban Park","Mouhoun River, Nakambé River, Niger River","Mali, Niger, Benin, Togo, Ghana, Côte d'Ivoire"
Africa,Burundi,-3.3731,29.9189,Gitega,"11,575,310 (2021)","Kirundi (85%), French (10%), English (1%)",Burundian franc (BIF),"Kibira National Park, Rusizi National Park, Karera Falls","Lake Tanganyika, Kagera River, Bururi Forest Reserve","Tanzania, Rwanda, Democratic Republic of the Congo"
Africa,Cabo Verde,15.1201,-23.6052,Praia,"549,935 (2021)","Portuguese (98%), Kriolu (32.1%), English (8.5%)",Cape Verdean escudo (CVE),"Sal Island, Fogo Island, Tarrafal","Mount Fogo, Boa Vista Island, Cape Verde Islands",
Africa,Cameroon,7.3697,12.3547,Yaoundé,"28,908,213 (2021)","French (80%), English (20%), Cameroonian Pidgin (5%)",Central African CFA franc (XAF),"Waza National Park, Dja Faunal Reserve, Korup National Park","Lake Chad, Mount Cameroon, Mandara Mountains","Nigeria, Chad, Central African Republic, Republic of the Congo, Gabon, Equatorial Guinea"
Africa,Central African Republic,6.6111,20.9394,Bangui,"4,919,981 (2021)","French (100%), Sango (90%)",Central African CFA franc (XAF),"Dzanga-Sangha National Park, Bamingui-Bangoran National Park, Manovo-Gounda St Floris National Park","Ubangi River, Chinko River, Ouham River","Cameroon, Chad, Sudan, South Sudan, Democratic Republic of the Congo, Republic of the Congo"
Africa,Chad,15.4542,18.7322,N'Djamena,"17,934,174 (2021)","French (36%), Arabic (15%), Sara (28%)",Central African CFA franc (XAF),"Zakouma National Park, Manda National Park, Ennedi Massif","Lake Chad, Tibesti Mountains, Ennedi Plateau","Libya, Sudan, Central African Republic, Cameroon, Nigeria, Niger"
Africa,Comoros,-11.6455,43.3333,Moroni,"832,322 (2021)",Comorian (78.6%),Comorian franc (KMF),"Mount Karthala, Mitsamiouli Beach, Chomoni Beach","Grande Comore, Mohéli, Anjouan, Mayotte","Madagascar, Mozambique, Tanzania"
Africa,Congo,-0.228,15.8277,Brazzaville,"5,518,087 (2021)",French (33.6%),Central African CFA franc (XAF),"Odzala-Kokoua National Park, Lesio-Louna Gorilla Reserve, Conkouati-Douli National Park","Congo River, Pool Malebo, Plateaux Batéké","Central African Republic, Cameroon"
Africa,"Congo, Democratic Republic of the",-4.0383,21.7587,Kinshasa,"101,780,263 (2021)","French (14%), Lingala (44.8%), Swahili (10.4%), Kongo (24.3%)",Congolese franc (CDF),"Virunga National Park, Lola Ya Bonobo, Salonga National Park","Congo River, Lake Tanganyika, Mount Nyiragongo","Central African Republic, Congo, Uganda, Rwanda, Burundi, Tanzania, Zambia, Angola"
Africa,Cote d'Ivoire,7.54,-5.5471,Yamoussoukro,"28,101,745 (2021)",French (35.9%),West African CFA franc (XOF),"Basilica of Our Lady of Peace, Comoe National Park, Tai National Park","Mount Nimba, Cavally River, Bandama River","Guinea, Liberia, Burkina Faso, Ghana, Mali"
Africa,Djibouti,11.8251,42.5903,Djibouti,"1,082,874 (2021)","Arabic (35%), French (25%), Afar (25%)",Djiboutian franc (DJF),"Lake Assal, Gulf of Tadjoura, Moucha Island","Grand Bara Desert, Gulf of Aden, Goda Mountains","Eritrea, Ethiopia, Somalia"
Africa,Egypt,30.0444,31.2357,Cairo,"102,334,404 (2021)",Arabic (100%),Egyptian pound (EGP),"Pyramids of Giza, Valley of the Kings, Abu Simbel","Nile River, Sahara Desert, Red Sea","Libya, Sudan, Israel, Palestine"
Africa,Equatorial Guinea,1.6508,10.2679,Malabo,"1,402,985 (2021)","Spanish (67.6%), French (15.2%), Portuguese (6.1%)",Central African CFA franc (XAF),"Pico Basile, Elobey Islands, Monte Alen National Park","Bioko Island, Mount Cameroon, Rio Muni","Cameroon, Gabon"
Africa,Eritrea,15.1794,39.7823,Asmara,"3,546,421 (2021)","Tigrinya (50%), Tigre (31%), Saho (7%)",Eritrean nakfa (ERN),"Dahlak Archipelago, Massawa, Asmara Cathedral","Red Sea, Great Rift Valley, Danakil Desert","Ethiopia, Sudan, Djibouti"
Africa,Eswatini,-26.5225,31.4659,Mbabane,"1,159,250 (2021)","Swazi (90.6%), English (2.9%), Zulu (2%)",Swazi lilangeni (SZL),"Mlilwane Wildlife Sanctuary, Hlane Royal National Park, Malolotja Nature Reserve","Makhonjwa Mountains, Lubombo Mountains, Usuthu River","Mozambique, South Africa"
Africa,Ethiopia,9.145,40.4897,Addis Ababa,"121,391,443 (2021)","Amharic (33.8%), Oromo (33.8%), Somali (6.2%)",Ethiopian birr (ETB),"Simien Mountains National Park, Lalibela, Danakil Depression","Great Rift Valley, Blue Nile River, Sof Omar Caves","Eritrea, Djibouti, Somalia, Kenya, South Sudan, Sudan"
Africa,Gabon,-0.8037,11.6094,Libreville,"2,304,913 (2021)","French (80%), Fang (32%), Myene (10%)",Central African CFA franc (XAF),"Loango National Park, Lopé National Park, Pongara National Park","Ivindo River, Ogooué River, Monts de Cristal National Park","Cameroon, Equatorial Guinea, Congo"
Africa,Gambia,13.4432,-15.3101,Banjul,"2,347,706 (2021)",English (100%),Gambian dalasi,"Kachikally Museum and Crocodile Pool, Abuko Nature Reserve, James Island and Related Sites","River Gambia, Makasutu Culture Forest, Fathala Wildlife Reserve","Senegal, Guinea-Bissau"
Africa,Ghana,7.9465,-1.0232,Accra,"32,586,651 (2021)","English (80%), Akan (11%), Ewe (8%), Other (1%)",Ghanaian cedi,"Cape Coast Castle, Kakum National Park, Lake Volta","Lake Bosomtwe, Mole National Park, Aburi Botanical Gardens","Ivory Coast, Burkina Faso, Togo"
Africa,Guinea,9.9456,-9.6966,Conakry,"13,292,187 (2021)","French (85%), Other (15%)",Guinean franc,"Mount Nimba Strict Nature Reserve, Les Cascades de la Soumba, Les Deux Voies de Boké","River Niger, Fouta Djallon, Mount Loura","Guinea-Bissau, Senegal, Mali, Ivory Coast, Liberia, Sierra Leone"
Africa,Guinea-Bissau,11.8037,-15.1804,Bissau,"2,024,283 (2021)",Portuguese (100%),West African CFA franc,"Bijagos Archipelago, Orango National Park, Bolama","Cacheu River, Cantanhez Forests, Dulombi-Boé Sector","Guinea, Senegal"
Africa,Kenya,-0.0236,37.9062,Nairobi,"54,985,698 (2021)","English (20%), Swahili (80%)",Kenyan shilling,"Masai Mara National Reserve, Amboseli National Park, Lake Nakuru National Park","Lake Victoria, Mount Kenya, Tsavo East National Park","Tanzania, Uganda, South Sudan, Ethiopia, Somalia"
Africa,Lesotho,-29.609988,28.233608,Maseru,"2,143,249 (2021)","Sesotho (99.7%), English (0.3%)",Lesotho loti,"Sehlabathebe National Park, Ts'ehlanyane National Park, Katse Dam","Maloti Mountains, Thaba-Bosiu Plateau, Sani Pass",South Africa
Africa,Liberia,6.4281,-9.4295,Monrovia,"5,057,681 (2021)",English (20%) Kpelle (19%) Bassa (14%) Gio (8%) Kru (7%) Mano (7%) Grebo (6%) Lorma (5%) Mandingo (4%) Gola (4%),Liberian dollar (LRD),"Sapo National Park, Kpatawee Waterfall, Providence Island","Saint John River, Mount Wuteve, Mount Nimba Range","Sierra Leone, Guinea, Côte d'Ivoire"
Africa,Libya,26.3351,17.2283,Tripoli,"6,955,483 (2021)",Arabic (95%) Berber (5%),Libyan dinar (LYD),"Leptis Magna, Sabratha, Acacus Mountains","Libyan Desert, Aouzou Strip, Gulf of Sidra","Tunisia, Algeria, Niger, Chad, Sudan, Egypt"
Africa,Madagascar,-18.7669,46.8691,Antananarivo,"29,702,208 (2021)",Malagasy (98%) French (official language),Malagasy ariary (MGA),"Ranomafana National Park, Isalo National Park, Andasibe-Mantadia National Park","Tsingy de Bemaraha, Andringitra National Park, Lake Alaotra","Mozambique, France (Réunion), Comoros"
Africa,Malawi,-13.2543,34.3015,Lilongwe,"19,129,952 (2021)",Chewa (32%) Lomwe (18%) Yao (14%) Ngoni (12%) Tumbuka (9%) Sena (3%) Tonga (2%),Malawian kwacha (MWK),"Lake Malawi, Liwonde National Park, Nyika National Park","Lake Malawi, Shire River, Zomba Plateau","Tanzania, Mozambique, Zambia"
Africa,Mali,17.5707,-3.9962,Bamako,"20,378,710 (2021)",French (official language) Bambara (46.3%) Fulfulde (9.4%) Songhay (6.4%) Dogon (6.4%) Soninke (6.1%) Tuareg (3.9%),West African CFA franc (XOF),"Djinguereber Mosque, Timbuktu, Dogon Country","Sahara Desert, Niger River, Bandiagara Escarpment","Algeria, Niger, Burkina Faso, Côte d'Ivoire, Guinea, Senegal, Mauritania"
Africa,Mauritania,20,-12,Nouakchott,"4,649,658 (2021)",Hassaniya Arabic (100%),Ouguiya,"Parc National du Banc d'Arguin, Terjit Oasis, Chinguetti","Sahara Desert, Senegal River, Adrar Plateau","Western Sahara, Morocco, Algeria, Mali, Senegal"
Africa,Mauritius,-20.3,57.6,Port Louis,"1,269,668 (2021)","Mauritian Creole (86.5%), Bhojpuri (5.3%), French (4.1%), English (1.1%)",Mauritian rupee,"Black River Gorges National Park, Trou aux Cerfs, Île aux Cerfs","Mascarene Islands, Rodrigues",None
Africa,Morocco,31.7917,-7.0926,Rabat,"36,910,560 (2021)","Arabic (100%), Berber (33%), French (32%)",Moroccan Dirham,"Hassan II Mosque, Fes el Bali, Marrakech Medina","Atlas Mountains, Sahara Desert, Draa River","Algeria, Western Sahara, Spain (Ceuta and Melilla)"
Africa,Mozambique,-18.665695,35.529562,Maputo,"32,977,400 (2021)","Emakhuwa (25.3%), Xichangana (10.3%), Portuguese (8.8%), Manyika (7.9%), Sena (6.5%)",Mozambican Metical,"Gorongosa National Park, Bazaruto Archipelago, Maputo Elephant Reserve","Zambezi River, Lake Malawi, Niassa Reserve","Tanzania, Malawi, Zambia, Zimbabwe, Eswatini, South Africa"
Africa,Namibia,-22.9576,18.4904,Windhoek,"2,580,086 (2021)","Oshiwambo languages (48%), Nama/Damara languages (11%), Afrikaans (10%), Kavango languages (9%), Otjiherero languages (9%)",Namibian Dollar,"Etosha National Park, Skeleton Coast, Sossusvlei","Namib Desert, Fish River Canyon, Orange River","Angola, Zambia, Botswana, South Africa"
Africa,Niger,17.607789,8.081666,Niamey,"26,430,538 (2021)","French (13.1%), Hausa (22.7%), Zarma (11.3%), Tamajaq (8.3%)",West African CFA franc,"W National Park, Agadez Mosque, Zinder Great Mosque","Sahel Region, River Niger, Ténéré Desert","Algeria, Libya, Chad, Nigeria, Benin, Burkina Faso, Mali"
Africa,Nigeria,9.082,8.6753,Abuja,"211,400,708 (2021)","English (59.1%), Hausa (24.4%), Yoruba (16%), Igbo (3.3%)",Nigerian Naira,"Yankari National Park, Olumo Rock, Zuma Rock","Niger River, Lake Chad, Jos Plateau","Benin, Niger, Chad, Cameroon"
Africa,Rwanda,-1.9403,29.8739,Kigali,"13,381,947 (2021)","Kinyarwanda (84%), English (2%), French (1%), Swahili (1%)",Rwandan Franc,"Volcanoes National Park, Nyungwe Forest National Park, Akagera National Park","Lake Kivu, Virunga Mountains, Congo-Nile Divide","Uganda, Tanzania, Burundi, Democratic Republic of the Congo"
Africa,Sao Tome and Principe,0.1864,6.6131,Sao Tome,"221,429 (2021)",Portuguese (98.4%),Dobra,Obo National Park,"Pico Cao Grande, Lagoa Azul, Rolas","Equatorial Guinea, Gabon (across Gulf)"
Africa,Senegal,14.4974,-14.4524,Dakar,"16,705,608 (2021)","French, Wolof (33%)",CFA Franc,"Goree Island, Pink Lake","Saloum Delta, Senegal River","The Gambia, Guinea-Bissau, Mali, Mauritania"
Africa,Seychelles,-4.6796,55.492,Victoria,"98,462 (2021)",Seychellois Creole (91%),Seychellois rupee,"Aldabra Atoll, Anse Source d'Argent","Vallee de Mai, La Digue, Morne Seychellois",None
Africa,Sierra Leone,8.4606,-11.7799,Freetown,"8,154,429 (2021)",English (97.8%),Leone,"Banana Island, Tacugama Chimpanzee Sanctuary, Bunce Island","Mount Bintumani, Gola Forest Reserves, Tiwai Island","Guinea, Liberia"
Africa,Somalia,5.1521,46.1996,Mogadishu,"16,992,135 (2021)","Somali, Arabic (official)",Somali shilling,"Mogadishu Cathedral, Laas Geel","Jubba River, Nugaal Valley, Hobyo","Djibouti, Ethiopia, Kenya"
Africa,South Africa,-30.5595,22.9375,Pretoria,"60,917,676 (2021)","Zulu, Xhosa, Afrikaans, English",South African rand,"Table Mountain, Kruger National Park","Drakensberg, Kalahari Desert, Blyde River Canyon","Botswana, Eswatini, Lesotho, Mozambique, Namibia, Zimbabwe"
Africa,South Sudan,6.8769,31.3069,Juba,"12,342,285 (2021)","English, Arabic",South Sudanese pound,"Boma National Park, Nimule National Park","Sudd, Imatong Mountains, White Nile","Central African Republic, Democratic Republic of the Congo, Ethiopia, Kenya, Sudan, Uganda"
Africa,Sudan,15.45,30.15,Khartoum,"43,849,260 (2021)","Arabic (50%), Others (50%)",Sudanese pound (SDG),"Meroë Pyramids, Al-Zubair Pasha's Palace, Jebel Marra","Nile River, Red Sea, Nubian Desert, Sahara Desert","Central African Republic, Chad, Egypt, Eritrea, Ethiopia, Libya, South Sudan"
Africa,Tanzania,-6.369028,34.888822,Dodoma,"61,498,437 (2021)","Swahili (90%), English (10%)",Tanzanian shilling (TZS),"Mount Kilimanjaro, Serengeti National Park, Zanzibar Island","Lake Victoria, Serengeti Plain, Mount Kilimanjaro, Lake Tanganyika","Burundi, Democratic Republic of the Congo, Kenya, Malawi, Mozambique, Rwanda, Uganda"
Africa,Togo,8.619543,0.824782,Lomé,"8,574,117 (2021)","French (67%), Ewe (17%)",West African CFA franc (XOF),"Koutammakou, Fazao-Malfakassa National Park, Grand Marché","Lake Togo, Mono River, Togo Mountains, Togo Plateau","Benin, Burkina Faso, Ghana"
Africa,Tunisia,33.886917,9.537499,Tunis,"12,299,127 (2021)","Arabic (64%), French (23%)",Tunisian dinar (TND),"Carthage, Bardo Museum, Sidi Bou Said","Atlas Mountains, Sahara Desert, Mediterranean Sea","Algeria, Libya"
Africa,Uganda,1.373333,32.290275,Kampala,"47,086,000 (2021)","English (17%), Swahili (10%), Luganda (10%), Other (63%)",Ugandan shilling (UGX),"Bwindi Impenetrable National Park, Murchison Falls, Ssese Islands","Lake Victoria, Nile River, Rwenzori Mountains","Democratic Republic of the Congo, Kenya, Rwanda, South Sudan, Tanzania"
Africa,Zambia,-13.133897,27.849332,Lusaka,"19,623,293 (2021)","English (60%), Bemba (20%)",Zambian kwacha (ZMW),"Victoria Falls, Lower Zambezi National Park, Lake Kariba","Zambezi River, Lake Tanganyika, Lake Kariba, Victoria Falls","Angola, Democratic Republic of the Congo, Malawi, Mozambique, Namibia, Tanzania, Zimbabwe"
Africa,Zimbabwe,-19.0154,29.1549,Harare,15159624 (2020),"Shona (72%), Ndebele (16%)",USD,"Victoria Falls, Hwange National Park, Great Zimbabwe","Zambezi River, Victoria Falls, Lake Kariba","South Africa, Botswana, Zambia, Mozambique"
Oceania,Australia,-25.2744,133.7751,Canberra,"25,731,000 (2021)","English (76.8%), Mandarin (1.6%), Italian (1.4%), Arabic (1.3%), Cantonese (1.2%)",Australian dollar,"Great Barrier Reef, Uluru, Sydney Opera House","Great Barrier Reef, Outback, Sydney Harbour",None
Oceania,Cook Islands,-21.2367,-159.7777,Avarua,"17,791 (2021)","English (86.4%), Cook Islands Maori (76.2%)",New Zealand dollar,"Aitutaki Lagoon, Te Rua Manga (The Needle), Muri Beach","Aitutaki Lagoon, Te Manga, Mount Te Rua",None
Oceania,Fiji,-17.7134,178.065,Suva,"896,000 (2021)","English (58.3%), Fijian (36.7%), Hindustani (24.1%), Rotuman (1.2%)",Fijian dollar,"Yasawa Islands, Sigatoka Sand Dunes, Colo-I-Suva Forest Park","Yasawa Islands, Mamanuca Islands, Viti Levu",None
Oceania,Kiribati,1.8709,157.363,South Tarawa,"121,392 (2021)","English (31.3%), Kiribati (97.5%)",Australian dollar,"Phoenix Islands Protected Area, Christmas Island, Kiritimati Atoll","Phoenix Islands, Gilbert Islands, Line Islands",None
Oceania,Marshall Islands,7.1315,171.1845,Majuro,"58,791 (2021)","Marshallese (98.2%), English (61.5%), Japanese (0.6%)",United States dollar,"Bikini Atoll, Majuro Bridge, Alele Museum and Public Library","Bikini Atoll, Ralik Chain, Ratak Chain",None
Oceania,Micronesia,7.4256,150.5508,Palikir,"115,023 (2021)","English (61.3%), Chuukese (49.8%), Pohnpeian (30.9%), Kosraean (7.4%), Yapese (5.2%)",United States dollar,"Nan Madol, Chuuk Lagoon, Sokehs Rock","Nan Madol, Yap Islands, Chuuk Lagoon",None
Oceania,Nauru,-0.5477,166.9209,Yaren District,"10,824 (2021)","Nauruan, English (100%)",Australian dollar,"Anibare Bay, Nauru Museum, Buada Lagoon",Nauru is a small island in the Micronesian South Pacific. It is one of the world's smallest countries by land area and population. The island is surrounded by a coral reef.,None
Oceania,New Zealand,-40.9006,174.886,Wellington,"4,919,200 (2021)","English, Maori (4.1%)",New Zealand dollar,"Fiordland National Park, Milford Sound, Bay of Islands","The country is made up of two main islands and many smaller islands, with a diverse landscape including beaches, mountains, geysers, and rainforests.",None
Oceania,Niue,-19.0544,-169.8673,Alofi,"1,620 (2021)","Niuean, English (80%)",New Zealand dollar,"Matapa Chasm, Limu Pools, Togo Chasm","Niue is a small island country in the South Pacific, known for its limestone cliffs and coral reefs.",None
Oceania,Palau,7.515,134.5825,Ngerulmud,"20,964 (2021)","Palauan, English (50%)",United States dollar,"Rock Islands, Jellyfish Lake, Ngardmau Waterfall","Palau is an island country in the western Pacific Ocean, known for its natural beauty and coral reefs.",None
Oceania,Papua New Guinea,-6.314993,143.95555,Port Moresby,"9,166,208 (2021)","Tok Pisin, English (63%)",Papua New Guinean kina,"Kokoda Track, Mount Wilhelm, Tari Basin","Papua New Guinea is a culturally diverse country with over 800 languages spoken. It is known for its rainforests, coral reefs, and active volcanoes.","Indonesia, Australia"
Oceania,Samoa,-13.753243,-172.179554,Apia,"200,874 (2021)","Samoan, English (95.7%)",Samoan tālā,"Lalomanu Beach, To Sua Ocean Trench, Papase'ea Sliding Rocks","Samoa is made up of two main islands and several smaller islands in the South Pacific, known for its beaches and waterfalls.",None
Oceania,Solomon Islands,-9.6457,160.1562,Honiara,"686,133 (2021)","English (62%), Pijin (38%)",Solomon Islands dollar (SBD),"Guadalcanal Island, Marovo Lagoon, Honiara","Choiseul Island, Rennell Island, Santa Isabel Island",
Oceania,Tonga,-21.1789,-175.1982,Nukuʻalofa,"106,694 (2021)","Tongan (98.4%), English (42.2%), Fijian (4.5%), Samoan (3%), others",Paʻanga (TOP),"Ha'amonga 'a Maui Trilithon, Tongan National Cultural Centre, 'Ene'io Botanical Garden","Niue, Samoa, Fiji, Wallis and Futuna",
Oceania,Tokelau,-9.2012,-171.8484,Nukunonu,"1,357 (2021)","Tokelauan (58.3%), English (23.1%), Samoan (15.8%), Tuvaluan (3.6%), Kiribati (2.2%), others",New Zealand dollar (NZD),"Nukunonu Atoll, Fakaofo Atoll, Atafu Atoll",Samoa,
Oceania,Tuvalu,-7.4783,178.679,Funafuti,"10,846 (2021)","Tuvaluan (91.1%), English (58%), Samoan (2.9%), Kiribati (1.4%), others","Tuvaluan dollar (TVD), Australian dollar (AUD)","Funafuti Conservation Area, Nanumea, Funafuti Lagoon","Kiribati, Samoa",
Oceania,Vanuatu,-15.3767,166.9592,Port Vila,"307,145 (2021)","Bislama (56.6%), French (29.8%), English (2.9%), others",Vanuatu vatu (VUV),"Mount Yasur, Millennium Cave, Blue Holes","Fiji, Solomon Islands, New Caledonia",